{
  "version": "1",
  "node_id": "host01",
  "next_file_id": 3,
  "snapshot_sequence_number": 1,
  "wal_file_sequence_number": 440,
  "catalog_sequence_number": 5,
  "parquet_size_bytes": 14018,
  "row_count": 440,
  "min_time": 1746657864555801000,
  "max_time": 1746691799022413000,
  "databases": [
    [
      1,
      {
        "tables": [
          [
            0,
            [
              {
                "id": 0,
                "path": "host01/dbs/influxDbNew-1/fire_gas-0/2025-05-07/22-40/0000000440.parquet",
                "size_bytes": 5795,
                "row_count": 232,
                "chunk_time": 1746657600000000000,
                "min_time": 1746657864555801000,
                "max_time": 1746658138318207000
              },
              {
                "id": 1,
                "path": "host01/dbs/influxDbNew-1/fire_gas-0/2025-05-07/22-50/0000000440.parquet",
                "size_bytes": 4576,
                "row_count": 123,
                "chunk_time": 1746658200000000000,
                "min_time": 1746658285236625000,
                "max_time": 1746658410320015000
              },
              {
                "id": 2,
                "path": "host01/dbs/influxDbNew-1/fire_gas-0/2025-05-08/08-00/0000000440.parquet",
                "size_bytes": 3647,
                "row_count": 85,
                "chunk_time": 1746691200000000000,
                "min_time": 1746691707810167000,
                "max_time": 1746691799022413000
              }
            ]
          ]
        ]
      }
    ]
  ]
}