,device_id,fire,location,mq2,time
0,fire_gas_01,0.0,indoor,7.055664,2025-05-08 08:20:00.023731
1,fire_gas_01,0.0,indoor,7.006836,2025-05-08 08:20:01.022964
2,fire_gas_01,0.0,indoor,6.884766,2025-05-08 08:20:02.022433
3,fire_gas_01,0.0,indoor,7.055664,2025-05-08 08:20:03.025575
4,fire_gas_01,0.0,indoor,6.787109,2025-05-08 08:20:04.022738
5,fire_gas_01,0.0,indoor,6.884766,2025-05-08 08:20:05.022609
6,fire_gas_01,0.0,indoor,6.640625,2025-05-08 08:20:06.022162
7,fire_gas_01,0.0,indoor,6.958008,2025-05-08 08:20:07.022691
8,fire_gas_01,0.0,indoor,7.03125,2025-05-08 08:20:08.023425
9,fire_gas_01,0.0,indoor,6.90918,2025-05-08 08:20:09.023620
10,fire_gas_01,0.0,indoor,6.787109,2025-05-08 08:20:10.022598
11,fire_gas_01,0.0,indoor,6.982422,2025-05-08 08:20:11.023738
12,fire_gas_01,0.0,indoor,4.248047,2025-05-08 08:08:27.810167
13,fire_gas_01,0.0,indoor,4.296875,2025-05-08 08:08:30.023972
14,fire_gas_01,0.0,indoor,4.02832,2025-05-08 08:08:31.020649
15,fire_gas_01,0.0,indoor,4.272461,2025-05-08 08:08:32.022736
16,fire_gas_01,0.0,indoor,3.90625,2025-05-08 08:08:33.021023
17,fire_gas_01,0.0,indoor,4.199219,2025-05-08 08:08:34.021181
18,fire_gas_01,0.0,indoor,3.466797,2025-05-08 08:08:35.021412
19,fire_gas_01,0.0,indoor,4.077148,2025-05-08 08:08:36.021881
20,fire_gas_01,0.0,indoor,4.56543,2025-05-08 08:08:37.022347
21,fire_gas_01,0.0,indoor,3.90625,2025-05-08 08:08:38.022835
22,fire_gas_01,0.0,indoor,4.223633,2025-05-08 08:08:39.020833
23,fire_gas_01,0.0,indoor,3.881836,2025-05-08 08:08:40.022386
24,fire_gas_01,0.0,indoor,4.223633,2025-05-08 08:08:41.023949
25,fire_gas_01,0.0,indoor,4.052734,2025-05-08 08:08:42.026907
26,fire_gas_01,0.0,indoor,4.174805,2025-05-08 08:08:43.025794
27,fire_gas_01,0.0,indoor,4.223633,2025-05-08 08:08:44.022892
28,fire_gas_01,0.0,indoor,4.296875,2025-05-08 08:08:45.022829
29,fire_gas_01,0.0,indoor,4.02832,2025-05-08 08:08:46.024132
30,fire_gas_01,0.0,indoor,3.686523,2025-05-08 08:08:47.022440
31,fire_gas_01,0.0,indoor,4.223633,2025-05-08 08:08:48.023398
32,fire_gas_01,0.0,indoor,3.930664,2025-05-08 08:08:49.023111
33,fire_gas_01,0.0,indoor,3.955078,2025-05-08 08:08:50.023083
34,fire_gas_01,0.0,indoor,3.808594,2025-05-08 08:08:51.023461
35,fire_gas_01,0.0,indoor,4.296875,2025-05-08 08:08:52.025126
36,fire_gas_01,0.0,indoor,4.077148,2025-05-08 08:08:53.023226
37,fire_gas_01,0.0,indoor,4.052734,2025-05-08 08:08:54.022769
38,fire_gas_01,0.0,indoor,4.248047,2025-05-08 08:08:55.023818
39,fire_gas_01,0.0,indoor,3.833008,2025-05-08 08:08:56.023942
40,fire_gas_01,0.0,indoor,4.174805,2025-05-08 08:08:57.023552
41,fire_gas_01,0.0,indoor,3.930664,2025-05-08 08:08:58.023020
42,fire_gas_01,0.0,indoor,4.077148,2025-05-08 08:08:59.022923
43,fire_gas_01,0.0,indoor,3.90625,2025-05-08 08:09:00.024150
44,fire_gas_01,0.0,indoor,4.223633,2025-05-08 08:09:01.024634
45,fire_gas_01,0.0,indoor,4.370117,2025-05-08 08:09:02.022719
46,fire_gas_01,0.0,indoor,4.052734,2025-05-08 08:09:03.024568
47,fire_gas_01,0.0,indoor,4.223633,2025-05-08 08:09:04.024387
48,fire_gas_01,0.0,indoor,2.758789,2025-05-08 08:09:05.023354
49,fire_gas_01,0.0,indoor,4.223633,2025-05-08 08:09:06.023042
50,fire_gas_01,0.0,indoor,3.90625,2025-05-08 08:09:07.023193
51,fire_gas_01,0.0,indoor,5.078125,2025-05-08 08:09:09.893080
52,fire_gas_01,0.0,indoor,5.004883,2025-05-08 08:09:12.021782
53,fire_gas_01,0.0,indoor,5.078125,2025-05-08 08:09:13.022706
54,fire_gas_01,0.0,indoor,4.80957,2025-05-08 08:09:14.021814
55,fire_gas_01,0.0,indoor,4.711914,2025-05-08 08:09:15.023495
56,fire_gas_01,0.0,indoor,5.029297,2025-05-08 08:09:16.022991
57,fire_gas_01,4085.0,indoor,5.029297,2025-05-08 08:09:17.022443
58,fire_gas_01,4095.0,indoor,5.078125,2025-05-08 08:09:18.023553
59,fire_gas_01,4089.0,indoor,5.004883,2025-05-08 08:09:19.024579
60,fire_gas_01,4095.0,indoor,4.345703,2025-05-08 08:09:20.023563
61,fire_gas_01,4095.0,indoor,4.711914,2025-05-08 08:09:21.022091
62,fire_gas_01,4094.0,indoor,5.078125,2025-05-08 08:09:22.022951
63,fire_gas_01,4095.0,indoor,5.004883,2025-05-08 08:09:23.022353
64,fire_gas_01,4095.0,indoor,4.980469,2025-05-08 08:09:24.023029
65,fire_gas_01,4095.0,indoor,5.078125,2025-05-08 08:09:25.022693
66,fire_gas_01,4072.0,indoor,5.078125,2025-05-08 08:09:26.025081
67,fire_gas_01,4091.0,indoor,6.37207,2025-05-08 08:09:27.022965
68,fire_gas_01,4022.0,indoor,5.151367,2025-05-08 08:09:28.023359
69,fire_gas_01,4068.0,indoor,5.200195,2025-05-08 08:09:29.025582
70,fire_gas_01,4076.0,indoor,4.345703,2025-05-08 08:09:30.022822
71,fire_gas_01,4095.0,indoor,5.151367,2025-05-08 08:09:31.022314
72,fire_gas_01,4095.0,indoor,4.980469,2025-05-08 08:09:32.021658
73,fire_gas_01,4077.0,indoor,5.078125,2025-05-08 08:09:33.024607
74,fire_gas_01,4095.0,indoor,5.078125,2025-05-08 08:09:34.023638
75,fire_gas_01,4052.0,indoor,4.321289,2025-05-08 08:09:35.023098
76,fire_gas_01,4095.0,indoor,5.053711,2025-05-08 08:09:36.023027
77,fire_gas_01,4072.0,indoor,6.274414,2025-05-08 08:09:37.023650
78,fire_gas_01,0.0,indoor,5.078125,2025-05-08 08:09:38.023101
79,fire_gas_01,0.0,indoor,4.760742,2025-05-08 08:09:39.025060
80,fire_gas_01,0.0,indoor,4.931641,2025-05-08 08:09:40.023090
81,fire_gas_01,0.0,indoor,4.6875,2025-05-08 08:09:41.022107
82,fire_gas_01,0.0,indoor,4.956055,2025-05-08 08:09:42.023586
83,fire_gas_01,0.0,indoor,3.393555,2025-05-08 08:09:43.023101
84,fire_gas_01,0.0,indoor,4.931641,2025-05-08 08:09:44.022713
85,fire_gas_01,0.0,indoor,4.785156,2025-05-08 08:09:45.023496
86,fire_gas_01,0.0,indoor,4.80957,2025-05-08 08:09:46.023195
87,fire_gas_01,0.0,indoor,4.6875,2025-05-08 08:09:47.023925
88,fire_gas_01,0.0,indoor,4.589844,2025-05-08 08:09:48.022760
89,fire_gas_01,0.0,indoor,10.25391,2025-05-08 08:09:50.977274
90,fire_gas_01,0.0,indoor,10.00977,2025-05-08 08:09:53.023479
91,fire_gas_01,0.0,indoor,9.545898,2025-05-08 08:09:54.022730
92,fire_gas_01,0.0,indoor,9.423828,2025-05-08 08:09:55.024665
93,fire_gas_01,0.0,indoor,9.106445,2025-05-08 08:09:56.024484
94,fire_gas_01,0.0,indoor,9.106445,2025-05-08 08:09:57.024836
95,fire_gas_01,0.0,indoor,8.59375,2025-05-08 08:09:58.022485
96,fire_gas_01,0.0,indoor,8.935547,2025-05-08 08:09:59.022413
97,fire_gas_01,0.0,indoor,8.813477,2025-05-08 08:10:00.022974
98,fire_gas_01,0.0,indoor,10.4248,2025-05-08 08:10:01.022495
99,fire_gas_01,0.0,indoor,11.32813,2025-05-08 08:10:02.023481
100,fire_gas_01,0.0,indoor,12.18262,2025-05-08 08:10:03.020789
101,fire_gas_01,0.0,indoor,12.03613,2025-05-08 08:10:04.022732
102,fire_gas_01,0.0,indoor,12.47559,2025-05-08 08:10:05.022608
103,fire_gas_01,0.0,indoor,12.86621,2025-05-08 08:10:06.024692
104,fire_gas_01,0.0,indoor,12.13379,2025-05-08 08:10:07.024001
105,fire_gas_01,0.0,indoor,12.91504,2025-05-08 08:10:08.023309
106,fire_gas_01,0.0,indoor,17.62695,2025-05-08 08:10:09.022809
107,fire_gas_01,0.0,indoor,24.85352,2025-05-08 08:10:10.024273
108,fire_gas_01,0.0,indoor,26.29395,2025-05-08 08:10:11.022798
109,fire_gas_01,0.0,indoor,26.00098,2025-05-08 08:10:12.022918
110,fire_gas_01,0.0,indoor,25.41504,2025-05-08 08:10:13.024180
111,fire_gas_01,0.0,indoor,23.82813,2025-05-08 08:10:14.022646
112,fire_gas_01,0.0,indoor,24.34082,2025-05-08 08:10:15.022164
113,fire_gas_01,0.0,indoor,22.14355,2025-05-08 08:10:16.024175
114,fire_gas_01,0.0,indoor,24.41406,2025-05-08 08:10:17.022925
115,fire_gas_01,0.0,indoor,24.16992,2025-05-08 08:10:18.022585
116,fire_gas_01,0.0,indoor,22.68066,2025-05-08 08:10:19.022894
117,fire_gas_01,0.0,indoor,22.87598,2025-05-08 08:10:20.025603
118,fire_gas_01,0.0,indoor,22.26563,2025-05-08 08:10:21.022685
119,fire_gas_01,0.0,indoor,21.875,2025-05-08 08:10:22.023289
120,fire_gas_01,0.0,indoor,21.55762,2025-05-08 08:10:23.022349
121,fire_gas_01,0.0,indoor,21.63086,2025-05-08 08:10:24.022521
122,fire_gas_01,0.0,indoor,20.45898,2025-05-08 08:10:25.026220
123,fire_gas_01,0.0,indoor,20.4834,2025-05-08 08:10:26.022671
124,fire_gas_01,0.0,indoor,19.92188,2025-05-08 08:10:27.024170
125,fire_gas_01,0.0,indoor,19.55566,2025-05-08 08:10:28.023201
126,fire_gas_01,0.0,indoor,19.77539,2025-05-08 08:10:29.022558
127,fire_gas_01,0.0,indoor,18.70117,2025-05-08 08:10:30.022390
128,fire_gas_01,0.0,indoor,18.96973,2025-05-08 08:10:31.024927
129,fire_gas_01,0.0,indoor,18.01758,2025-05-08 08:10:32.024425
130,fire_gas_01,0.0,indoor,19.60449,2025-05-08 08:10:33.022506
131,fire_gas_01,0.0,indoor,21.06934,2025-05-08 08:10:34.022934
132,fire_gas_01,0.0,indoor,23.0957,2025-05-08 08:10:35.023925
133,fire_gas_01,0.0,indoor,22.87598,2025-05-08 08:10:36.022177
134,fire_gas_01,0.0,indoor,22.14355,2025-05-08 08:10:37.022999
135,fire_gas_01,0.0,indoor,21.43555,2025-05-08 08:10:38.023669
136,fire_gas_01,0.0,indoor,20.58105,2025-05-08 08:10:39.024460
137,fire_gas_01,0.0,indoor,19.82422,2025-05-08 08:10:40.023243
138,fire_gas_01,0.0,indoor,18.60352,2025-05-08 08:10:41.022202
139,fire_gas_01,0.0,indoor,18.53027,2025-05-08 08:10:42.022654
140,fire_gas_01,0.0,indoor,17.45605,2025-05-08 08:10:43.023173
141,fire_gas_01,0.0,indoor,17.5293,2025-05-08 08:10:44.022310
142,fire_gas_01,0.0,indoor,17.7002,2025-05-08 08:10:45.024054
143,fire_gas_01,0.0,indoor,17.57813,2025-05-08 08:10:46.023582
144,fire_gas_01,0.0,indoor,17.30957,2025-05-08 08:10:47.023971
145,fire_gas_01,0.0,indoor,16.89453,2025-05-08 08:10:48.023344
146,fire_gas_01,0.0,indoor,16.45508,2025-05-08 08:10:49.023013
147,fire_gas_01,0.0,indoor,15.60059,2025-05-08 08:10:50.022969
148,fire_gas_01,0.0,indoor,15.20996,2025-05-08 08:10:51.024087
149,fire_gas_01,0.0,indoor,14.84375,2025-05-08 08:10:52.022469
150,fire_gas_01,0.0,indoor,15.13672,2025-05-08 08:10:53.022024
151,fire_gas_01,0.0,indoor,14.30664,2025-05-08 08:10:54.022556
152,fire_gas_01,0.0,indoor,14.30664,2025-05-08 08:10:55.025622
153,fire_gas_01,0.0,indoor,14.4043,2025-05-08 08:10:56.022013
154,fire_gas_01,0.0,indoor,14.01367,2025-05-08 08:10:57.023994
155,fire_gas_01,0.0,indoor,13.7207,2025-05-08 08:10:58.023659
156,fire_gas_01,0.0,indoor,16.8457,2025-05-08 08:10:59.023044
157,fire_gas_01,0.0,indoor,20.38574,2025-05-08 08:11:00.022948
158,fire_gas_01,0.0,indoor,24.04785,2025-05-08 08:11:01.023141
159,fire_gas_01,0.0,indoor,34.22852,2025-05-08 08:11:02.023092
160,fire_gas_01,0.0,indoor,37.23145,2025-05-08 08:11:03.022593
161,fire_gas_01,0.0,indoor,38.42773,2025-05-08 08:11:04.023704
162,fire_gas_01,0.0,indoor,38.84277,2025-05-08 08:11:05.024267
163,fire_gas_01,0.0,indoor,38.98926,2025-05-08 08:11:06.023300
164,fire_gas_01,0.0,indoor,40.55176,2025-05-08 08:11:07.021855
165,fire_gas_01,0.0,indoor,44.84863,2025-05-08 08:11:08.023134
166,fire_gas_01,0.0,indoor,46.21582,2025-05-08 08:11:09.022259
167,fire_gas_01,0.0,indoor,43.82324,2025-05-08 08:11:10.022391
168,fire_gas_01,0.0,indoor,44.11621,2025-05-08 08:11:11.024232
169,fire_gas_01,0.0,indoor,42.1875,2025-05-08 08:11:12.023209
170,fire_gas_01,0.0,indoor,42.65137,2025-05-08 08:11:13.023103
171,fire_gas_01,0.0,indoor,44.53125,2025-05-08 08:11:14.022626
172,fire_gas_01,0.0,indoor,43.31055,2025-05-08 08:11:15.022557
173,fire_gas_01,0.0,indoor,42.60254,2025-05-08 08:11:16.022182
174,fire_gas_01,0.0,indoor,40.38086,2025-05-08 08:11:17.023608
175,fire_gas_01,0.0,indoor,40.64941,2025-05-08 08:11:18.023198
176,fire_gas_01,0.0,indoor,38.25684,2025-05-08 08:11:19.023215
177,fire_gas_01,0.0,indoor,38.23242,2025-05-08 08:11:20.022582
178,fire_gas_01,0.0,indoor,35.79102,2025-05-08 08:11:21.021517
179,fire_gas_01,0.0,indoor,35.52246,2025-05-08 08:11:22.024410
180,fire_gas_01,0.0,indoor,34.39941,2025-05-08 08:11:23.022004
181,fire_gas_01,0.0,indoor,33.54492,2025-05-08 08:11:24.021561
182,fire_gas_01,0.0,indoor,32.42188,2025-05-08 08:11:25.024170
183,fire_gas_01,0.0,indoor,30.00488,2025-05-08 08:11:26.022710
184,fire_gas_01,0.0,indoor,32.42188,2025-05-08 08:11:27.023893
185,fire_gas_01,0.0,indoor,31.12793,2025-05-08 08:11:28.022617
186,fire_gas_01,0.0,indoor,31.56738,2025-05-08 08:11:29.022243
187,fire_gas_01,0.0,indoor,33.54492,2025-05-08 08:11:30.022303
188,fire_gas_01,0.0,indoor,35.69336,2025-05-08 08:11:31.024284
189,fire_gas_01,0.0,indoor,37.47559,2025-05-08 08:11:32.023114
190,fire_gas_01,0.0,indoor,39.52637,2025-05-08 08:11:33.023038
191,fire_gas_01,0.0,indoor,40.30762,2025-05-08 08:11:34.022779
192,fire_gas_01,0.0,indoor,38.91602,2025-05-08 08:11:35.023284
193,fire_gas_01,0.0,indoor,39.45313,2025-05-08 08:11:36.022424
194,fire_gas_01,0.0,indoor,41.16211,2025-05-08 08:11:37.022067
195,fire_gas_01,0.0,indoor,41.57715,2025-05-08 08:11:38.022876
196,fire_gas_01,0.0,indoor,40.23438,2025-05-08 08:11:39.022689
197,fire_gas_01,0.0,indoor,39.52637,2025-05-08 08:11:40.023087
198,fire_gas_01,0.0,indoor,38.28125,2025-05-08 08:11:41.023566
199,fire_gas_01,0.0,indoor,37.20703,2025-05-08 08:11:42.023700
200,fire_gas_01,0.0,indoor,35.71777,2025-05-08 08:11:43.022887
201,fire_gas_01,0.0,indoor,34.7168,2025-05-08 08:11:44.022085
202,fire_gas_01,0.0,indoor,33.54492,2025-05-08 08:11:45.024305
203,fire_gas_01,0.0,indoor,32.8125,2025-05-08 08:11:46.022590
204,fire_gas_01,0.0,indoor,31.61621,2025-05-08 08:11:47.023842
205,fire_gas_01,0.0,indoor,29.6875,2025-05-08 08:11:48.023409
206,fire_gas_01,0.0,indoor,29.78516,2025-05-08 08:11:49.022967
207,fire_gas_01,0.0,indoor,28.17383,2025-05-08 08:11:50.022807
208,fire_gas_01,0.0,indoor,28.17383,2025-05-08 08:11:51.023459
209,fire_gas_01,0.0,indoor,9.057617,2025-05-08 08:11:53.227476
210,fire_gas_01,0.0,indoor,9.375,2025-05-08 08:11:54.023182
211,fire_gas_01,0.0,indoor,9.057617,2025-05-08 08:11:55.022362
212,fire_gas_01,0.0,indoor,9.25293,2025-05-08 08:11:56.023178
213,fire_gas_01,0.0,indoor,9.350586,2025-05-08 08:11:57.023276
214,fire_gas_01,0.0,indoor,9.228516,2025-05-08 08:11:58.022609
215,fire_gas_01,0.0,indoor,8.984375,2025-05-08 08:12:00.745183
216,fire_gas_01,0.0,indoor,8.837891,2025-05-08 08:12:03.022338
217,fire_gas_01,0.0,indoor,9.106445,2025-05-08 08:12:04.023289
218,fire_gas_01,0.0,indoor,8.422852,2025-05-08 08:12:05.021669
219,fire_gas_01,0.0,indoor,8.959961,2025-05-08 08:12:06.022565
220,fire_gas_01,0.0,indoor,9.49707,2025-05-08 08:12:07.023098
221,fire_gas_01,0.0,indoor,8.837891,2025-05-08 08:12:08.022375
222,fire_gas_01,0.0,indoor,8.447266,2025-05-08 08:12:09.022866
223,fire_gas_01,0.0,indoor,8.984375,2025-05-08 08:12:10.023220
224,fire_gas_01,4031.0,indoor,8.813477,2025-05-08 08:12:11.022280
225,fire_gas_01,2893.0,indoor,8.71582,2025-05-08 08:12:12.022619
226,fire_gas_01,3754.0,indoor,8.984375,2025-05-08 08:12:13.022976
227,fire_gas_01,4019.0,indoor,9.008789,2025-05-08 08:12:14.023410
228,fire_gas_01,4095.0,indoor,8.984375,2025-05-08 08:12:15.023128
229,fire_gas_01,4049.0,indoor,8.764648,2025-05-08 08:12:16.023338
230,fire_gas_01,4046.0,indoor,8.984375,2025-05-08 08:12:17.025294
231,fire_gas_01,4020.0,indoor,8.569336,2025-05-08 08:12:18.025495
232,fire_gas_01,3999.0,indoor,8.984375,2025-05-08 08:12:19.022318
233,fire_gas_01,4073.0,indoor,8.862305,2025-05-08 08:12:20.024540
234,fire_gas_01,4044.0,indoor,8.911133,2025-05-08 08:12:21.023265
235,fire_gas_01,4095.0,indoor,9.423828,2025-05-08 08:12:22.021941
236,fire_gas_01,4022.0,indoor,8.666992,2025-05-08 08:12:23.023055
237,fire_gas_01,3979.0,indoor,8.618164,2025-05-08 08:12:24.022397
238,fire_gas_01,4007.0,indoor,8.618164,2025-05-08 08:12:25.023502
239,fire_gas_01,3951.0,indoor,8.520508,2025-05-08 08:12:26.023633
240,fire_gas_01,4005.0,indoor,8.227539,2025-05-08 08:12:27.023596
241,fire_gas_01,4046.0,indoor,9.790039,2025-05-08 08:12:28.022400
242,fire_gas_01,3982.0,indoor,11.9873,2025-05-08 08:12:29.022043
243,fire_gas_01,4079.0,indoor,13.59863,2025-05-08 08:12:30.023777
244,fire_gas_01,4095.0,indoor,14.08691,2025-05-08 08:12:31.023649
245,fire_gas_01,4057.0,indoor,13.98926,2025-05-08 08:12:32.023757
246,fire_gas_01,4013.0,indoor,13.91602,2025-05-08 08:12:33.023634
247,fire_gas_01,4033.0,indoor,13.23242,2025-05-08 08:12:34.021997
248,fire_gas_01,4020.0,indoor,14.0625,2025-05-08 08:12:35.022689
249,fire_gas_01,4095.0,indoor,13.98926,2025-05-08 08:12:36.022818
250,fire_gas_01,4017.0,indoor,14.77051,2025-05-08 08:12:37.023960
251,fire_gas_01,3945.0,indoor,14.28223,2025-05-08 08:12:38.022805
252,fire_gas_01,4016.0,indoor,14.72168,2025-05-08 08:12:39.022080
253,fire_gas_01,4001.0,indoor,14.96582,2025-05-08 08:12:40.022788
254,fire_gas_01,3992.0,indoor,14.55078,2025-05-08 08:12:41.022756
255,fire_gas_01,4004.0,indoor,14.96582,2025-05-08 08:12:42.022674
256,fire_gas_01,4026.0,indoor,14.37988,2025-05-08 08:12:43.023196
257,fire_gas_01,4008.0,indoor,14.13574,2025-05-08 08:12:44.022544
258,fire_gas_01,3634.0,indoor,13.50098,2025-05-08 08:12:45.023863
259,fire_gas_01,2506.0,indoor,13.62305,2025-05-08 08:12:46.022393
260,fire_gas_01,2460.0,indoor,12.89063,2025-05-08 08:12:47.022727
261,fire_gas_01,4030.0,indoor,13.15918,2025-05-08 08:12:48.022727
262,fire_gas_01,4017.0,indoor,12.89063,2025-05-08 08:12:49.022382
263,fire_gas_01,4024.0,indoor,16.01563,2025-05-08 08:12:50.022234
264,fire_gas_01,4006.0,indoor,33.34961,2025-05-08 08:12:51.023965
265,fire_gas_01,4024.0,indoor,41.69922,2025-05-08 08:12:52.023517
266,fire_gas_01,4031.0,indoor,47.02148,2025-05-08 08:12:53.024969
267,fire_gas_01,4047.0,indoor,48.65723,2025-05-08 08:12:54.021993
268,fire_gas_01,4033.0,indoor,49.92676,2025-05-08 08:12:55.022181
269,fire_gas_01,0.0,indoor,51.09863,2025-05-08 08:12:56.023993
270,fire_gas_01,0.0,indoor,50.56152,2025-05-08 08:12:57.023413
271,fire_gas_01,0.0,indoor,48.99902,2025-05-08 08:12:58.023189
272,fire_gas_01,0.0,indoor,47.3877,2025-05-08 08:12:59.023950
273,fire_gas_01,0.0,indoor,45.72754,2025-05-08 08:13:00.024556
274,fire_gas_01,0.0,indoor,43.18848,2025-05-08 08:13:01.022727
275,fire_gas_01,0.0,indoor,42.23633,2025-05-08 08:13:02.022706
276,fire_gas_01,0.0,indoor,39.84375,2025-05-08 08:13:03.025267
277,fire_gas_01,0.0,indoor,39.45313,2025-05-08 08:13:04.023071
278,fire_gas_01,0.0,indoor,36.96289,2025-05-08 08:13:05.023311
279,fire_gas_01,4092.0,indoor,36.74316,2025-05-08 08:13:06.025570
280,fire_gas_01,4095.0,indoor,35.52246,2025-05-08 08:13:07.025009
281,fire_gas_01,4081.0,indoor,34.25293,2025-05-08 08:13:08.023629
282,fire_gas_01,4081.0,indoor,34.27734,2025-05-08 08:13:09.022882
283,fire_gas_01,4068.0,indoor,32.27539,2025-05-08 08:13:10.024126
284,fire_gas_01,4077.0,indoor,31.29883,2025-05-08 08:13:11.026065
285,fire_gas_01,4057.0,indoor,30.00488,2025-05-08 08:13:12.023314
286,fire_gas_01,4014.0,indoor,31.05469,2025-05-08 08:13:13.022885
287,fire_gas_01,3980.0,indoor,47.24121,2025-05-08 08:13:14.021841
288,fire_gas_01,4040.0,indoor,56.00586,2025-05-08 08:13:15.025513
289,fire_gas_01,4025.0,indoor,60.54688,2025-05-08 08:13:16.025040
290,fire_gas_01,4033.0,indoor,73.70605,2025-05-08 08:13:17.023974
291,fire_gas_01,4049.0,indoor,64.35547,2025-05-08 08:13:18.022376
292,fire_gas_01,4000.0,indoor,78.51563,2025-05-08 08:13:19.024160
293,fire_gas_01,4030.0,indoor,82.34863,2025-05-08 08:13:20.022606
294,fire_gas_01,4041.0,indoor,76.53809,2025-05-08 08:13:21.023377
295,fire_gas_01,4026.0,indoor,77.22168,2025-05-08 08:13:22.022800
296,fire_gas_01,4053.0,indoor,74.14551,2025-05-08 08:13:23.024459
297,fire_gas_01,4044.0,indoor,77.39258,2025-05-08 08:13:24.025472
298,fire_gas_01,4046.0,indoor,74.56055,2025-05-08 08:13:25.025823
299,fire_gas_01,4034.0,indoor,77.00195,2025-05-08 08:13:26.022323
300,fire_gas_01,4073.0,indoor,77.41699,2025-05-08 08:13:27.023236
301,fire_gas_01,4072.0,indoor,71.72852,2025-05-08 08:13:28.026409
302,fire_gas_01,3997.0,indoor,69.65332,2025-05-08 08:13:29.024232
303,fire_gas_01,4040.0,indoor,63.35449,2025-05-08 08:13:30.022274
304,fire_gas_01,4060.0,indoor,59.05762,2025-05-08 08:13:31.023313
305,fire_gas_01,4056.0,indoor,58.47168,2025-05-08 08:13:32.024069
306,fire_gas_01,4015.0,indoor,57.73926,2025-05-08 08:13:33.026547
307,fire_gas_01,0.0,indoor,56.56738,2025-05-08 08:13:34.024793
308,fire_gas_01,0.0,indoor,56.25,2025-05-08 08:13:35.022798
309,fire_gas_01,0.0,indoor,54.27246,2025-05-08 08:13:36.023935
310,fire_gas_01,0.0,indoor,51.41602,2025-05-08 08:13:37.026512
311,fire_gas_01,0.0,indoor,50.70801,2025-05-08 08:13:38.026776
312,fire_gas_01,0.0,indoor,47.58301,2025-05-08 08:13:39.023750
313,fire_gas_01,0.0,indoor,46.89941,2025-05-08 08:13:40.023024
314,fire_gas_01,0.0,indoor,44.99512,2025-05-08 08:13:41.023849
315,fire_gas_01,0.0,indoor,45.1416,2025-05-08 08:13:42.022984
316,fire_gas_01,0.0,indoor,42.79785,2025-05-08 08:13:43.023834
317,fire_gas_01,0.0,indoor,42.72461,2025-05-08 08:13:44.023397
318,fire_gas_01,0.0,indoor,41.79688,2025-05-08 08:13:45.028482
319,fire_gas_01,0.0,indoor,40.9668,2025-05-08 08:13:46.023616
320,fire_gas_01,0.0,indoor,38.13477,2025-05-08 08:13:47.024260
321,fire_gas_01,0.0,indoor,37.96387,2025-05-08 08:13:48.023101
322,fire_gas_01,0.0,indoor,37.1582,2025-05-08 08:13:49.025394
323,fire_gas_01,0.0,indoor,36.37695,2025-05-08 08:13:50.023827
324,fire_gas_01,0.0,indoor,36.66992,2025-05-08 08:13:51.023643
325,fire_gas_01,0.0,indoor,35.05859,2025-05-08 08:13:52.023039
326,fire_gas_01,0.0,indoor,34.44824,2025-05-08 08:13:53.024356
327,fire_gas_01,0.0,indoor,34.79004,2025-05-08 08:13:54.024241
328,fire_gas_01,0.0,indoor,33.54492,2025-05-08 08:13:55.023205
329,fire_gas_01,0.0,indoor,33.49609,2025-05-08 08:13:56.025472
330,fire_gas_01,0.0,indoor,32.08008,2025-05-08 08:13:57.026077
331,fire_gas_01,0.0,indoor,33.12988,2025-05-08 08:13:58.022709
332,fire_gas_01,0.0,indoor,31.25,2025-05-08 08:13:59.023765
333,fire_gas_01,0.0,indoor,31.64063,2025-05-08 08:14:00.023561
334,fire_gas_01,0.0,indoor,11.4502,2025-05-08 08:14:02.497853
335,fire_gas_01,0.0,indoor,11.32813,2025-05-08 08:14:03.024707
336,fire_gas_01,0.0,indoor,11.32813,2025-05-08 08:14:04.022975
337,fire_gas_01,0.0,indoor,11.32813,2025-05-08 08:14:05.022296
338,fire_gas_01,0.0,indoor,10.91309,2025-05-08 08:14:06.021839
339,fire_gas_01,0.0,indoor,11.30371,2025-05-08 08:14:07.023539
340,fire_gas_01,0.0,indoor,10.66895,2025-05-08 08:14:08.024875
341,fire_gas_01,0.0,indoor,11.05957,2025-05-08 08:14:09.025933
342,fire_gas_01,0.0,indoor,10.62012,2025-05-08 08:14:10.022751
343,fire_gas_01,0.0,indoor,10.9375,2025-05-08 08:14:11.022362
344,fire_gas_01,0.0,indoor,10.88867,2025-05-08 08:14:12.022827
345,fire_gas_01,0.0,indoor,11.35254,2025-05-08 08:14:13.023308
346,fire_gas_01,0.0,indoor,10.88867,2025-05-08 08:14:14.023693
347,fire_gas_01,0.0,indoor,10.47363,2025-05-08 08:14:15.022543
348,fire_gas_01,0.0,indoor,10.00977,2025-05-08 08:14:16.026878
349,fire_gas_01,0.0,indoor,10.4248,2025-05-08 08:14:17.023334
350,fire_gas_01,0.0,indoor,10.62012,2025-05-08 08:14:18.025108
351,fire_gas_01,0.0,indoor,10.18066,2025-05-08 08:14:19.022164
352,fire_gas_01,0.0,indoor,10.54688,2025-05-08 08:14:20.023151
353,fire_gas_01,0.0,indoor,10.57129,2025-05-08 08:14:21.023677
354,fire_gas_01,0.0,indoor,10.54688,2025-05-08 08:14:22.022842
355,fire_gas_01,0.0,indoor,10.71777,2025-05-08 08:14:23.023674
356,fire_gas_01,0.0,indoor,10.40039,2025-05-08 08:14:24.023479
357,fire_gas_01,0.0,indoor,10.47363,2025-05-08 08:14:25.022683
358,fire_gas_01,0.0,indoor,10.22949,2025-05-08 08:14:26.022007
359,fire_gas_01,0.0,indoor,10.32715,2025-05-08 08:14:27.024072
360,fire_gas_01,0.0,indoor,10.20508,2025-05-08 08:14:28.023416
361,fire_gas_01,0.0,indoor,10.20508,2025-05-08 08:14:29.022658
362,fire_gas_01,0.0,indoor,10.08301,2025-05-08 08:14:30.023150
363,fire_gas_01,0.0,indoor,10.03418,2025-05-08 08:14:31.023357
364,fire_gas_01,0.0,indoor,10.08301,2025-05-08 08:14:32.023073
365,fire_gas_01,0.0,indoor,10.00977,2025-05-08 08:14:33.024536
366,fire_gas_01,0.0,indoor,10.03418,2025-05-08 08:14:34.023723
367,fire_gas_01,0.0,indoor,9.936523,2025-05-08 08:14:35.023685
368,fire_gas_01,0.0,indoor,8.886719,2025-05-08 08:14:36.024653
369,fire_gas_01,0.0,indoor,9.790039,2025-05-08 08:14:37.023066
370,fire_gas_01,0.0,indoor,9.912109,2025-05-08 08:14:38.024312
371,fire_gas_01,0.0,indoor,9.594727,2025-05-08 08:14:39.024039
372,fire_gas_01,0.0,indoor,9.741211,2025-05-08 08:14:40.023320
373,fire_gas_01,0.0,indoor,9.716797,2025-05-08 08:14:41.023651
374,fire_gas_01,0.0,indoor,9.692383,2025-05-08 08:14:42.025274
375,fire_gas_01,0.0,indoor,9.741211,2025-05-08 08:14:43.023263
376,fire_gas_01,0.0,indoor,9.545898,2025-05-08 08:14:44.024793
377,fire_gas_01,0.0,indoor,9.619141,2025-05-08 08:14:45.024424
378,fire_gas_01,0.0,indoor,9.521484,2025-05-08 08:14:46.023081
379,fire_gas_01,0.0,indoor,9.375,2025-05-08 08:14:47.023093
380,fire_gas_01,0.0,indoor,9.375,2025-05-08 08:14:48.022854
381,fire_gas_01,0.0,indoor,9.472656,2025-05-08 08:14:49.023421
382,fire_gas_01,0.0,indoor,9.375,2025-05-08 08:14:50.024217
383,fire_gas_01,0.0,indoor,9.375,2025-05-08 08:14:51.024424
384,fire_gas_01,0.0,indoor,9.326172,2025-05-08 08:14:52.023916
385,fire_gas_01,0.0,indoor,8.862305,2025-05-08 08:14:53.024018
386,fire_gas_01,0.0,indoor,9.814453,2025-05-08 08:14:54.023150
387,fire_gas_01,0.0,indoor,8.935547,2025-05-08 08:14:55.022269
388,fire_gas_01,0.0,indoor,9.301758,2025-05-08 08:14:56.022941
389,fire_gas_01,0.0,indoor,9.155273,2025-05-08 08:14:57.022790
390,fire_gas_01,0.0,indoor,9.204102,2025-05-08 08:14:58.024650
391,fire_gas_01,0.0,indoor,9.472656,2025-05-08 08:14:59.022747
392,fire_gas_01,0.0,indoor,9.106445,2025-05-08 08:15:00.022441
393,fire_gas_01,0.0,indoor,9.082031,2025-05-08 08:15:01.022959
394,fire_gas_01,0.0,indoor,8.691406,2025-05-08 08:15:02.022862
395,fire_gas_01,0.0,indoor,8.984375,2025-05-08 08:15:03.022832
396,fire_gas_01,0.0,indoor,8.544922,2025-05-08 08:15:04.023606
397,fire_gas_01,0.0,indoor,9.228516,2025-05-08 08:15:05.022844
398,fire_gas_01,0.0,indoor,8.544922,2025-05-08 08:15:06.022512
399,fire_gas_01,0.0,indoor,8.837891,2025-05-08 08:15:07.024123
400,fire_gas_01,0.0,indoor,8.984375,2025-05-08 08:15:08.024928
401,fire_gas_01,0.0,indoor,8.911133,2025-05-08 08:15:09.022652
402,fire_gas_01,0.0,indoor,8.984375,2025-05-08 08:15:10.023283
403,fire_gas_01,0.0,indoor,8.496094,2025-05-08 08:15:11.022527
404,fire_gas_01,0.0,indoor,8.911133,2025-05-08 08:15:12.023731
405,fire_gas_01,0.0,indoor,8.422852,2025-05-08 08:15:13.022895
406,fire_gas_01,0.0,indoor,8.886719,2025-05-08 08:15:14.023556
407,fire_gas_01,0.0,indoor,8.276367,2025-05-08 08:15:15.023212
408,fire_gas_01,0.0,indoor,8.71582,2025-05-08 08:15:16.024292
409,fire_gas_01,0.0,indoor,8.691406,2025-05-08 08:15:17.023901
410,fire_gas_01,0.0,indoor,8.71582,2025-05-08 08:15:18.022866
411,fire_gas_01,0.0,indoor,7.421875,2025-05-08 08:15:19.026193
412,fire_gas_01,0.0,indoor,8.422852,2025-05-08 08:15:20.023123
413,fire_gas_01,0.0,indoor,8.618164,2025-05-08 08:15:21.022813
414,fire_gas_01,0.0,indoor,8.300781,2025-05-08 08:15:22.024627
415,fire_gas_01,0.0,indoor,8.642578,2025-05-08 08:15:23.024048
416,fire_gas_01,0.0,indoor,8.203125,2025-05-08 08:15:24.023413
417,fire_gas_01,0.0,indoor,8.447266,2025-05-08 08:15:25.022236
418,fire_gas_01,0.0,indoor,8.520508,2025-05-08 08:15:26.022443
419,fire_gas_01,0.0,indoor,10.47363,2025-05-08 08:15:27.023039
420,fire_gas_01,0.0,indoor,8.422852,2025-05-08 08:15:28.024679
421,fire_gas_01,0.0,indoor,8.056641,2025-05-08 08:15:29.023468
422,fire_gas_01,0.0,indoor,8.740234,2025-05-08 08:15:30.022980
423,fire_gas_01,0.0,indoor,8.203125,2025-05-08 08:15:31.022454
424,fire_gas_01,0.0,indoor,8.251953,2025-05-08 08:15:32.022044
425,fire_gas_01,0.0,indoor,8.056641,2025-05-08 08:15:33.022157
426,fire_gas_01,0.0,indoor,8.47168,2025-05-08 08:15:34.023095
427,fire_gas_01,0.0,indoor,8.276367,2025-05-08 08:15:35.023014
428,fire_gas_01,0.0,indoor,8.349609,2025-05-08 08:15:36.023327
429,fire_gas_01,0.0,indoor,8.300781,2025-05-08 08:15:37.022834
430,fire_gas_01,0.0,indoor,8.203125,2025-05-08 08:15:38.023474
431,fire_gas_01,0.0,indoor,8.227539,2025-05-08 08:15:39.022182
432,fire_gas_01,0.0,indoor,6.079102,2025-05-08 08:15:40.022828
433,fire_gas_01,0.0,indoor,8.251953,2025-05-08 08:15:41.022933
434,fire_gas_01,0.0,indoor,5.932617,2025-05-08 08:16:11.259587
435,fire_gas_01,0.0,indoor,6.225586,2025-05-08 08:16:14.023302
436,fire_gas_01,0.0,indoor,5.419922,2025-05-08 08:16:15.022986
437,fire_gas_01,0.0,indoor,6.201172,2025-05-08 08:16:16.024641
438,fire_gas_01,0.0,indoor,6.274414,2025-05-08 08:16:17.022661
439,fire_gas_01,4095.0,indoor,6.37207,2025-05-08 08:16:18.022260
440,fire_gas_01,4095.0,indoor,6.518555,2025-05-08 08:16:19.022255
441,fire_gas_01,4095.0,indoor,6.274414,2025-05-08 08:16:20.023384
442,fire_gas_01,4095.0,indoor,6.396484,2025-05-08 08:16:21.023049
443,fire_gas_01,4090.0,indoor,6.201172,2025-05-08 08:16:22.022775
444,fire_gas_01,4091.0,indoor,6.176758,2025-05-08 08:16:23.023678
445,fire_gas_01,4095.0,indoor,6.445313,2025-05-08 08:16:24.022023
446,fire_gas_01,4095.0,indoor,6.591797,2025-05-08 08:16:25.023381
447,fire_gas_01,4095.0,indoor,6.713867,2025-05-08 08:16:26.025888
448,fire_gas_01,4095.0,indoor,6.298828,2025-05-08 08:16:27.023482
449,fire_gas_01,4095.0,indoor,6.274414,2025-05-08 08:16:28.022096
450,fire_gas_01,4047.0,indoor,6.323242,2025-05-08 08:16:29.025038
451,fire_gas_01,4082.0,indoor,6.542969,2025-05-08 08:16:30.024529
452,fire_gas_01,4057.0,indoor,6.25,2025-05-08 08:16:31.022521
453,fire_gas_01,4078.0,indoor,6.494141,2025-05-08 08:16:32.023903
454,fire_gas_01,4079.0,indoor,6.12793,2025-05-08 08:16:33.023374
455,fire_gas_01,4088.0,indoor,6.420898,2025-05-08 08:16:34.022995
456,fire_gas_01,4062.0,indoor,6.103516,2025-05-08 08:16:35.025055
457,fire_gas_01,0.0,indoor,6.274414,2025-05-08 08:16:36.023355
458,fire_gas_01,0.0,indoor,6.298828,2025-05-08 08:16:37.022821
459,fire_gas_01,0.0,indoor,6.25,2025-05-08 08:16:38.024078
460,fire_gas_01,0.0,indoor,5.883789,2025-05-08 08:16:39.024425
461,fire_gas_01,0.0,indoor,6.005859,2025-05-08 08:16:40.022970
462,fire_gas_01,0.0,indoor,6.469727,2025-05-08 08:16:41.022539
463,fire_gas_01,0.0,indoor,6.152344,2025-05-08 08:16:42.026093
464,fire_gas_01,0.0,indoor,8.618164,2025-05-08 08:16:43.023791
465,fire_gas_01,0.0,indoor,13.96484,2025-05-08 08:16:44.022574
466,fire_gas_01,0.0,indoor,18.16406,2025-05-08 08:16:45.025318
467,fire_gas_01,0.0,indoor,19.77539,2025-05-08 08:16:46.025389
468,fire_gas_01,0.0,indoor,18.87207,2025-05-08 08:16:47.022815
469,fire_gas_01,0.0,indoor,18.62793,2025-05-08 08:16:48.022289
470,fire_gas_01,0.0,indoor,17.7002,2025-05-08 08:16:49.025976
471,fire_gas_01,0.0,indoor,17.82227,2025-05-08 08:16:50.023225
472,fire_gas_01,0.0,indoor,16.8457,2025-05-08 08:16:51.022583
473,fire_gas_01,0.0,indoor,18.21289,2025-05-08 08:16:52.023775
474,fire_gas_01,0.0,indoor,18.9209,2025-05-08 08:16:53.023078
475,fire_gas_01,0.0,indoor,22.58301,2025-05-08 08:16:54.026885
476,fire_gas_01,0.0,indoor,26.9043,2025-05-08 08:16:55.025814
477,fire_gas_01,0.0,indoor,29.63867,2025-05-08 08:16:56.026000
478,fire_gas_01,0.0,indoor,29.61426,2025-05-08 08:16:57.022790
479,fire_gas_01,0.0,indoor,28.56445,2025-05-08 08:16:58.023101
480,fire_gas_01,0.0,indoor,29.29688,2025-05-08 08:16:59.023473
481,fire_gas_01,0.0,indoor,28.44238,2025-05-08 08:17:00.023403
482,fire_gas_01,0.0,indoor,28.90625,2025-05-08 08:17:01.022311
483,fire_gas_01,0.0,indoor,27.31934,2025-05-08 08:17:02.023412
484,fire_gas_01,0.0,indoor,27.17285,2025-05-08 08:17:03.023024
485,fire_gas_01,0.0,indoor,26.2207,2025-05-08 08:17:04.024198
486,fire_gas_01,0.0,indoor,25.95215,2025-05-08 08:17:05.021564
487,fire_gas_01,0.0,indoor,26.0498,2025-05-08 08:17:06.022294
488,fire_gas_01,0.0,indoor,25.73242,2025-05-08 08:17:07.025181
489,fire_gas_01,0.0,indoor,28.00293,2025-05-08 08:17:08.023957
490,fire_gas_01,0.0,indoor,27.24609,2025-05-08 08:17:09.022735
491,fire_gas_01,0.0,indoor,28.44238,2025-05-08 08:17:10.024425
492,fire_gas_01,0.0,indoor,27.44141,2025-05-08 08:17:11.024341
493,fire_gas_01,0.0,indoor,28.19824,2025-05-08 08:17:12.023620
494,fire_gas_01,0.0,indoor,27.70996,2025-05-08 08:17:13.022893
495,fire_gas_01,0.0,indoor,26.95313,2025-05-08 08:17:14.024314
496,fire_gas_01,0.0,indoor,26.9043,2025-05-08 08:17:15.023678
497,fire_gas_01,0.0,indoor,26.5625,2025-05-08 08:17:16.023770
498,fire_gas_01,0.0,indoor,25.80566,2025-05-08 08:17:17.024347
499,fire_gas_01,0.0,indoor,24.16992,2025-05-08 08:17:18.025226
500,fire_gas_01,0.0,indoor,26.17188,2025-05-08 08:17:19.023390
501,fire_gas_01,0.0,indoor,25.80566,2025-05-08 08:17:20.023548
502,fire_gas_01,0.0,indoor,26.29395,2025-05-08 08:17:21.023437
503,fire_gas_01,0.0,indoor,25.83008,2025-05-08 08:17:22.023250
504,fire_gas_01,0.0,indoor,26.68457,2025-05-08 08:17:23.023196
505,fire_gas_01,0.0,indoor,29.12598,2025-05-08 08:17:24.025668
506,fire_gas_01,0.0,indoor,29.6875,2025-05-08 08:17:25.022856
507,fire_gas_01,0.0,indoor,29.5166,2025-05-08 08:17:26.023536
508,fire_gas_01,0.0,indoor,29.32129,2025-05-08 08:17:27.024242
509,fire_gas_01,0.0,indoor,30.88379,2025-05-08 08:17:28.024641
510,fire_gas_01,0.0,indoor,31.12793,2025-05-08 08:17:29.022948
511,fire_gas_01,0.0,indoor,31.86035,2025-05-08 08:17:30.024754
512,fire_gas_01,0.0,indoor,30.68848,2025-05-08 08:17:31.023328
513,fire_gas_01,0.0,indoor,33.47168,2025-05-08 08:17:32.023322
514,fire_gas_01,0.0,indoor,38.64746,2025-05-08 08:17:33.023913
515,fire_gas_01,0.0,indoor,44.60449,2025-05-08 08:17:34.022745
516,fire_gas_01,0.0,indoor,49.60938,2025-05-08 08:17:35.024329
517,fire_gas_01,0.0,indoor,52.12402,2025-05-08 08:17:36.022571
518,fire_gas_01,0.0,indoor,54.6875,2025-05-08 08:17:37.022631
519,fire_gas_01,0.0,indoor,55.07813,2025-05-08 08:17:38.022463
520,fire_gas_01,0.0,indoor,60.22949,2025-05-08 08:17:39.023208
521,fire_gas_01,0.0,indoor,56.88477,2025-05-08 08:17:40.022734
522,fire_gas_01,0.0,indoor,57.15332,2025-05-08 08:17:41.023184
523,fire_gas_01,0.0,indoor,55.93262,2025-05-08 08:17:42.023375
524,fire_gas_01,0.0,indoor,54.3457,2025-05-08 08:17:43.022591
525,fire_gas_01,0.0,indoor,54.41895,2025-05-08 08:17:44.023005
526,fire_gas_01,0.0,indoor,52.56348,2025-05-08 08:17:45.023177
527,fire_gas_01,0.0,indoor,53.00293,2025-05-08 08:17:46.023171
528,fire_gas_01,0.0,indoor,50.95215,2025-05-08 08:17:47.023207
529,fire_gas_01,0.0,indoor,50.5127,2025-05-08 08:17:48.023157
530,fire_gas_01,0.0,indoor,48.4375,2025-05-08 08:17:49.022666
531,fire_gas_01,0.0,indoor,47.87598,2025-05-08 08:17:50.025967
532,fire_gas_01,0.0,indoor,46.19141,2025-05-08 08:17:51.023838
533,fire_gas_01,0.0,indoor,44.92188,2025-05-08 08:17:52.023179
534,fire_gas_01,0.0,indoor,43.38379,2025-05-08 08:17:53.025522
535,fire_gas_01,0.0,indoor,40.86914,2025-05-08 08:17:54.023047
536,fire_gas_01,0.0,indoor,40.4541,2025-05-08 08:17:55.023395
537,fire_gas_01,0.0,indoor,37.91504,2025-05-08 08:17:56.023755
538,fire_gas_01,0.0,indoor,37.47559,2025-05-08 08:17:57.023617
539,fire_gas_01,0.0,indoor,35.4248,2025-05-08 08:17:58.023502
540,fire_gas_01,0.0,indoor,35.35156,2025-05-08 08:17:59.023229
541,fire_gas_01,0.0,indoor,34.375,2025-05-08 08:18:00.023416
542,fire_gas_01,0.0,indoor,33.20313,2025-05-08 08:18:01.023549
543,fire_gas_01,0.0,indoor,32.56836,2025-05-08 08:18:02.025626
544,fire_gas_01,0.0,indoor,30.7373,2025-05-08 08:18:03.023003
545,fire_gas_01,0.0,indoor,30.85938,2025-05-08 08:18:04.023225
546,fire_gas_01,0.0,indoor,29.29688,2025-05-08 08:18:05.022879
547,fire_gas_01,0.0,indoor,29.56543,2025-05-08 08:18:06.023156
548,fire_gas_01,0.0,indoor,28.02734,2025-05-08 08:18:07.022468
549,fire_gas_01,0.0,indoor,28.22266,2025-05-08 08:18:08.023802
550,fire_gas_01,0.0,indoor,27.53906,2025-05-08 08:18:09.026036
551,fire_gas_01,0.0,indoor,27.41699,2025-05-08 08:18:10.023523
552,fire_gas_01,0.0,indoor,10.81543,2025-05-08 08:18:12.510268
553,fire_gas_01,0.0,indoor,9.399414,2025-05-08 08:18:13.023547
554,fire_gas_01,0.0,indoor,8.764648,2025-05-08 08:18:14.023314
555,fire_gas_01,0.0,indoor,8.447266,2025-05-08 08:18:15.022524
556,fire_gas_01,0.0,indoor,8.984375,2025-05-08 08:18:16.022908
557,fire_gas_01,0.0,indoor,9.25293,2025-05-08 08:18:17.028354
558,fire_gas_01,0.0,indoor,9.326172,2025-05-08 08:18:18.023514
559,fire_gas_01,0.0,indoor,9.155273,2025-05-08 08:18:19.023694
560,fire_gas_01,0.0,indoor,9.155273,2025-05-08 08:18:20.022625
561,fire_gas_01,0.0,indoor,8.837891,2025-05-08 08:18:21.024845
562,fire_gas_01,0.0,indoor,9.106445,2025-05-08 08:18:22.022665
563,fire_gas_01,0.0,indoor,8.666992,2025-05-08 08:18:23.023615
564,fire_gas_01,0.0,indoor,9.25293,2025-05-08 08:18:24.025027
565,fire_gas_01,0.0,indoor,8.569336,2025-05-08 08:18:25.024571
566,fire_gas_01,0.0,indoor,8.740234,2025-05-08 08:18:26.023227
567,fire_gas_01,0.0,indoor,8.984375,2025-05-08 08:18:27.022951
568,fire_gas_01,0.0,indoor,8.959961,2025-05-08 08:18:28.024664
569,fire_gas_01,0.0,indoor,8.862305,2025-05-08 08:18:29.024855
570,fire_gas_01,0.0,indoor,8.642578,2025-05-08 08:18:30.023722
571,fire_gas_01,0.0,indoor,8.837891,2025-05-08 08:18:31.022079
572,fire_gas_01,0.0,indoor,8.886719,2025-05-08 08:18:32.022979
573,fire_gas_01,0.0,indoor,9.594727,2025-05-08 08:18:33.024219
574,fire_gas_01,0.0,indoor,8.422852,2025-05-08 08:18:34.022265
575,fire_gas_01,0.0,indoor,8.740234,2025-05-08 08:18:35.024218
576,fire_gas_01,0.0,indoor,8.740234,2025-05-08 08:18:36.022692
577,fire_gas_01,0.0,indoor,8.59375,2025-05-08 08:18:37.023898
578,fire_gas_01,0.0,indoor,8.569336,2025-05-08 08:18:38.023157
579,fire_gas_01,0.0,indoor,8.227539,2025-05-08 08:18:39.023125
580,fire_gas_01,0.0,indoor,8.569336,2025-05-08 08:18:40.023810
581,fire_gas_01,0.0,indoor,8.325195,2025-05-08 08:18:41.023584
582,fire_gas_01,0.0,indoor,8.520508,2025-05-08 08:18:42.024336
583,fire_gas_01,0.0,indoor,8.203125,2025-05-08 08:18:43.024037
584,fire_gas_01,0.0,indoor,8.447266,2025-05-08 08:18:44.023152
585,fire_gas_01,0.0,indoor,8.959961,2025-05-08 08:18:45.023998
586,fire_gas_01,0.0,indoor,8.447266,2025-05-08 08:18:46.023958
587,fire_gas_01,0.0,indoor,8.447266,2025-05-08 08:18:47.025234
588,fire_gas_01,0.0,indoor,8.813477,2025-05-08 08:18:48.022217
589,fire_gas_01,0.0,indoor,8.276367,2025-05-08 08:18:49.023585
590,fire_gas_01,0.0,indoor,8.056641,2025-05-08 08:18:50.024453
591,fire_gas_01,0.0,indoor,8.325195,2025-05-08 08:18:51.022391
592,fire_gas_01,0.0,indoor,8.056641,2025-05-08 08:18:52.023447
593,fire_gas_01,0.0,indoor,8.447266,2025-05-08 08:18:53.024587
594,fire_gas_01,0.0,indoor,8.203125,2025-05-08 08:18:54.022464
595,fire_gas_01,0.0,indoor,8.203125,2025-05-08 08:18:55.022183
596,fire_gas_01,0.0,indoor,8.496094,2025-05-08 08:18:56.023760
597,fire_gas_01,0.0,indoor,8.203125,2025-05-08 08:18:57.023504
598,fire_gas_01,0.0,indoor,8.154297,2025-05-08 08:18:58.022536
599,fire_gas_01,0.0,indoor,7.8125,2025-05-08 08:18:59.023015
600,fire_gas_01,0.0,indoor,8.129883,2025-05-08 08:19:00.023201
601,fire_gas_01,0.0,indoor,6.665039,2025-05-08 08:19:01.023574
602,fire_gas_01,0.0,indoor,7.8125,2025-05-08 08:19:02.022524
603,fire_gas_01,0.0,indoor,7.983398,2025-05-08 08:19:03.023940
604,fire_gas_01,0.0,indoor,8.056641,2025-05-08 08:19:04.023531
605,fire_gas_01,0.0,indoor,8.203125,2025-05-08 08:19:05.024430
606,fire_gas_01,0.0,indoor,7.958984,2025-05-08 08:19:06.023612
607,fire_gas_01,0.0,indoor,8.007813,2025-05-08 08:19:07.023619
608,fire_gas_01,0.0,indoor,7.568359,2025-05-08 08:19:08.023874
609,fire_gas_01,0.0,indoor,7.983398,2025-05-08 08:19:09.025159
610,fire_gas_01,0.0,indoor,7.568359,2025-05-08 08:19:10.022377
611,fire_gas_01,0.0,indoor,7.983398,2025-05-08 08:19:11.023545
612,fire_gas_01,0.0,indoor,7.641602,2025-05-08 08:19:12.024002
613,fire_gas_01,0.0,indoor,7.910156,2025-05-08 08:19:13.022742
614,fire_gas_01,0.0,indoor,7.763672,2025-05-08 08:19:14.024672
615,fire_gas_01,0.0,indoor,7.8125,2025-05-08 08:19:15.023361
616,fire_gas_01,0.0,indoor,7.958984,2025-05-08 08:19:16.022670
617,fire_gas_01,0.0,indoor,8.032227,2025-05-08 08:19:17.025710
618,fire_gas_01,0.0,indoor,7.592773,2025-05-08 08:19:18.023257
619,fire_gas_01,0.0,indoor,7.421875,2025-05-08 08:19:19.025241
620,fire_gas_01,0.0,indoor,7.788086,2025-05-08 08:19:20.022654
621,fire_gas_01,0.0,indoor,7.421875,2025-05-08 08:19:21.022197
622,fire_gas_01,0.0,indoor,7.739258,2025-05-08 08:19:22.022659
623,fire_gas_01,0.0,indoor,7.592773,2025-05-08 08:19:23.025458
624,fire_gas_01,0.0,indoor,7.226563,2025-05-08 08:19:24.024298
625,fire_gas_01,0.0,indoor,7.763672,2025-05-08 08:19:25.023661
626,fire_gas_01,0.0,indoor,7.666016,2025-05-08 08:19:26.022603
627,fire_gas_01,0.0,indoor,8.642578,2025-05-08 08:19:27.023534
628,fire_gas_01,0.0,indoor,7.739258,2025-05-08 08:19:28.022314
629,fire_gas_01,0.0,indoor,7.495117,2025-05-08 08:19:29.022414
630,fire_gas_01,0.0,indoor,7.15332,2025-05-08 08:19:30.022427
631,fire_gas_01,0.0,indoor,7.446289,2025-05-08 08:19:31.022397
632,fire_gas_01,0.0,indoor,8.203125,2025-05-08 08:19:32.023859
633,fire_gas_01,0.0,indoor,7.421875,2025-05-08 08:19:33.022922
634,fire_gas_01,0.0,indoor,7.421875,2025-05-08 08:19:34.023961
635,fire_gas_01,0.0,indoor,7.373047,2025-05-08 08:19:35.022901
636,fire_gas_01,0.0,indoor,7.519531,2025-05-08 08:19:36.023671
637,fire_gas_01,0.0,indoor,7.958984,2025-05-08 08:19:37.022689
638,fire_gas_01,0.0,indoor,7.373047,2025-05-08 08:19:38.022789
639,fire_gas_01,0.0,indoor,7.421875,2025-05-08 08:19:39.023268
640,fire_gas_01,0.0,indoor,7.397461,2025-05-08 08:19:40.022682
641,fire_gas_01,0.0,indoor,7.373047,2025-05-08 08:19:41.022616
642,fire_gas_01,0.0,indoor,7.324219,2025-05-08 08:19:42.022594
643,fire_gas_01,0.0,indoor,7.299805,2025-05-08 08:19:43.024155
644,fire_gas_01,0.0,indoor,7.299805,2025-05-08 08:19:44.022074
645,fire_gas_01,0.0,indoor,6.12793,2025-05-08 08:19:45.021973
646,fire_gas_01,0.0,indoor,7.080078,2025-05-08 08:19:46.022500
647,fire_gas_01,0.0,indoor,7.446289,2025-05-08 08:19:47.023123
648,fire_gas_01,0.0,indoor,7.104492,2025-05-08 08:19:48.022406
649,fire_gas_01,0.0,indoor,7.006836,2025-05-08 08:19:49.022528
650,fire_gas_01,0.0,indoor,7.202148,2025-05-08 08:19:50.024062
651,fire_gas_01,0.0,indoor,7.080078,2025-05-08 08:19:51.022703
652,fire_gas_01,0.0,indoor,7.177734,2025-05-08 08:19:52.022111
653,fire_gas_01,0.0,indoor,7.055664,2025-05-08 08:19:53.023440
654,fire_gas_01,0.0,indoor,6.567383,2025-05-08 08:19:54.023463
655,fire_gas_01,0.0,indoor,6.811523,2025-05-08 08:19:55.022674
656,fire_gas_01,0.0,indoor,6.933594,2025-05-08 08:19:56.025216
657,fire_gas_01,0.0,indoor,8.227539,2025-05-08 08:19:57.023099
658,fire_gas_01,0.0,indoor,5.810547,2025-05-08 08:19:58.022520
659,fire_gas_01,0.0,indoor,7.104492,2025-05-08 08:19:59.022237
660,fire_gas_01,0.0,indoor,2.734375,2025-05-07 22:44:24.555801
661,fire_gas_01,0.0,indoor,2.416992,2025-05-07 22:44:27.323696
662,fire_gas_01,0.0,indoor,2.612305,2025-05-07 22:44:28.318866
663,fire_gas_01,0.0,indoor,2.294922,2025-05-07 22:44:29.312227
664,fire_gas_01,0.0,indoor,2.563477,2025-05-07 22:44:30.324701
665,fire_gas_01,0.0,indoor,2.514648,2025-05-07 22:44:31.324668
666,fire_gas_01,0.0,indoor,3.24707,2025-05-07 22:44:32.319698
667,fire_gas_01,0.0,indoor,2.587891,2025-05-07 22:44:33.316448
668,fire_gas_01,0.0,indoor,2.368164,2025-05-07 22:44:34.327447
669,fire_gas_01,0.0,indoor,2.612305,2025-05-07 22:44:35.324191
670,fire_gas_01,0.0,indoor,2.270508,2025-05-07 22:44:36.314841
671,fire_gas_01,0.0,indoor,2.46582,2025-05-07 22:44:37.328927
672,fire_gas_01,0.0,indoor,2.368164,2025-05-07 22:44:38.319690
673,fire_gas_01,0.0,indoor,1.5625,2025-05-07 22:44:39.317528
674,fire_gas_01,0.0,indoor,2.734375,2025-05-07 22:44:40.314837
675,fire_gas_01,0.0,indoor,2.783203,2025-05-07 22:44:41.313683
676,fire_gas_01,0.0,indoor,2.709961,2025-05-07 22:44:42.327749
677,fire_gas_01,0.0,indoor,2.783203,2025-05-07 22:44:43.325458
678,fire_gas_01,0.0,indoor,2.587891,2025-05-07 22:44:44.322468
679,fire_gas_01,0.0,indoor,2.490234,2025-05-07 22:44:45.321423
680,fire_gas_01,0.0,indoor,2.709961,2025-05-07 22:44:46.318162
681,fire_gas_01,0.0,indoor,2.612305,2025-05-07 22:44:47.321398
682,fire_gas_01,0.0,indoor,2.587891,2025-05-07 22:44:48.314711
683,fire_gas_01,0.0,indoor,2.368164,2025-05-07 22:44:49.315702
684,fire_gas_01,0.0,indoor,2.319336,2025-05-07 22:44:50.326981
685,fire_gas_01,0.0,indoor,2.709961,2025-05-07 22:44:51.325415
686,fire_gas_01,0.0,indoor,2.709961,2025-05-07 22:44:52.339578
687,fire_gas_01,0.0,indoor,2.685547,2025-05-07 22:44:53.319771
688,fire_gas_01,0.0,indoor,2.563477,2025-05-07 22:44:54.339656
689,fire_gas_01,0.0,indoor,2.954102,2025-05-07 22:44:55.316084
690,fire_gas_01,0.0,indoor,2.416992,2025-05-07 22:44:56.328747
691,fire_gas_01,0.0,indoor,1.68457,2025-05-07 22:44:57.314921
692,fire_gas_01,0.0,indoor,3.320313,2025-05-07 22:44:58.314046
693,fire_gas_01,0.0,indoor,2.709961,2025-05-07 22:44:59.346427
694,fire_gas_01,0.0,indoor,2.026367,2025-05-07 22:45:00.312597
695,fire_gas_01,0.0,indoor,2.490234,2025-05-07 22:45:01.319847
696,fire_gas_01,0.0,indoor,2.709961,2025-05-07 22:45:02.316541
697,fire_gas_01,0.0,indoor,2.026367,2025-05-07 22:45:03.328725
698,fire_gas_01,0.0,indoor,2.734375,2025-05-07 22:45:04.327568
699,fire_gas_01,0.0,indoor,2.319336,2025-05-07 22:45:05.324175
700,fire_gas_01,0.0,indoor,2.46582,2025-05-07 22:45:06.324166
701,fire_gas_01,0.0,indoor,2.368164,2025-05-07 22:45:07.323078
702,fire_gas_01,0.0,indoor,4.052734,2025-05-07 22:45:08.319969
703,fire_gas_01,0.0,indoor,2.734375,2025-05-07 22:45:09.318880
704,fire_gas_01,0.0,indoor,2.758789,2025-05-07 22:45:10.318818
705,fire_gas_01,0.0,indoor,2.661133,2025-05-07 22:45:11.315700
706,fire_gas_01,0.0,indoor,2.34375,2025-05-07 22:45:12.321879
707,fire_gas_01,0.0,indoor,2.587891,2025-05-07 22:45:13.320501
708,fire_gas_01,0.0,indoor,2.294922,2025-05-07 22:45:14.317743
709,fire_gas_01,0.0,indoor,2.685547,2025-05-07 22:45:15.315600
710,fire_gas_01,0.0,indoor,2.34375,2025-05-07 22:45:16.327052
711,fire_gas_01,0.0,indoor,2.514648,2025-05-07 22:45:17.321223
712,fire_gas_01,0.0,indoor,2.514648,2025-05-07 22:45:18.318473
713,fire_gas_01,0.0,indoor,2.734375,2025-05-07 22:45:19.317977
714,fire_gas_01,0.0,indoor,2.563477,2025-05-07 22:45:20.315342
715,fire_gas_01,0.0,indoor,2.734375,2025-05-07 22:45:21.315148
716,fire_gas_01,0.0,indoor,2.441406,2025-05-07 22:45:22.326403
717,fire_gas_01,0.0,indoor,2.22168,2025-05-07 22:45:23.326141
718,fire_gas_01,0.0,indoor,2.441406,2025-05-07 22:45:24.328875
719,fire_gas_01,0.0,indoor,2.124023,2025-05-07 22:45:25.329006
720,fire_gas_01,0.0,indoor,2.416992,2025-05-07 22:45:26.324103
721,fire_gas_01,0.0,indoor,2.416992,2025-05-07 22:45:27.318522
722,fire_gas_01,0.0,indoor,2.441406,2025-05-07 22:45:28.321389
723,fire_gas_01,0.0,indoor,2.319336,2025-05-07 22:45:29.320140
724,fire_gas_01,0.0,indoor,2.197266,2025-05-07 22:45:30.327274
725,fire_gas_01,0.0,indoor,0.756836,2025-05-07 22:45:31.325886
726,fire_gas_01,0.0,indoor,2.246094,2025-05-07 22:45:32.325861
727,fire_gas_01,0.0,indoor,2.416992,2025-05-07 22:45:33.320752
728,fire_gas_01,0.0,indoor,2.22168,2025-05-07 22:45:34.327328
729,fire_gas_01,0.0,indoor,2.34375,2025-05-07 22:45:35.326665
730,fire_gas_01,0.0,indoor,2.46582,2025-05-07 22:45:36.328841
731,fire_gas_01,0.0,indoor,3.979492,2025-05-07 22:46:09.585752
732,fire_gas_01,0.0,indoor,6.469727,2025-05-07 22:46:12.322755
733,fire_gas_01,0.0,indoor,9.936523,2025-05-07 22:46:13.323130
734,fire_gas_01,0.0,indoor,13.40332,2025-05-07 22:46:14.316224
735,fire_gas_01,0.0,indoor,16.38184,2025-05-07 22:46:15.316167
736,fire_gas_01,0.0,indoor,19.70215,2025-05-07 22:46:16.330059
737,fire_gas_01,0.0,indoor,29.54102,2025-05-07 22:46:17.330301
738,fire_gas_01,0.0,indoor,42.84668,2025-05-07 22:46:18.323017
739,fire_gas_01,0.0,indoor,51.51367,2025-05-07 22:46:19.319848
740,fire_gas_01,0.0,indoor,56.64063,2025-05-07 22:46:20.317448
741,fire_gas_01,0.0,indoor,54.29688,2025-05-07 22:46:21.329953
742,fire_gas_01,0.0,indoor,55.9082,2025-05-07 22:46:22.330137
743,fire_gas_01,0.0,indoor,54.1748,2025-05-07 22:46:23.330225
744,fire_gas_01,0.0,indoor,54.63867,2025-05-07 22:46:24.330369
745,fire_gas_01,0.0,indoor,55.51758,2025-05-07 22:46:25.330328
746,fire_gas_01,0.0,indoor,54.56543,2025-05-07 22:46:26.330248
747,fire_gas_01,0.0,indoor,56.81152,2025-05-07 22:46:27.321669
748,fire_gas_01,0.0,indoor,54.56543,2025-05-07 22:46:28.317047
749,fire_gas_01,0.0,indoor,55.51758,2025-05-07 22:46:29.328606
750,fire_gas_01,0.0,indoor,53.14941,2025-05-07 22:46:30.323143
751,fire_gas_01,0.0,indoor,53.51563,2025-05-07 22:46:31.322993
752,fire_gas_01,0.0,indoor,52.46582,2025-05-07 22:46:32.322915
753,fire_gas_01,0.0,indoor,51.12305,2025-05-07 22:46:33.323015
754,fire_gas_01,0.0,indoor,49.53613,2025-05-07 22:46:34.322531
755,fire_gas_01,0.0,indoor,46.7041,2025-05-07 22:46:35.329715
756,fire_gas_01,0.0,indoor,46.5332,2025-05-07 22:46:36.317081
757,fire_gas_01,0.0,indoor,43.79883,2025-05-07 22:46:37.328198
758,fire_gas_01,0.0,indoor,43.43262,2025-05-07 22:46:38.321854
759,fire_gas_01,0.0,indoor,40.82031,2025-05-07 22:46:39.322915
760,fire_gas_01,0.0,indoor,40.50293,2025-05-07 22:46:40.336416
761,fire_gas_01,0.0,indoor,39.08691,2025-05-07 22:46:41.329742
762,fire_gas_01,0.0,indoor,37.45117,2025-05-07 22:46:42.329767
763,fire_gas_01,0.0,indoor,36.25488,2025-05-07 22:46:43.329728
764,fire_gas_01,0.0,indoor,34.00879,2025-05-07 22:46:44.329603
765,fire_gas_01,0.0,indoor,33.91113,2025-05-07 22:46:45.330006
766,fire_gas_01,0.0,indoor,31.81152,2025-05-07 22:46:46.314540
767,fire_gas_01,0.0,indoor,32.00684,2025-05-07 22:46:47.329207
768,fire_gas_01,0.0,indoor,31.29883,2025-05-07 22:46:48.322644
769,fire_gas_01,0.0,indoor,32.03125,2025-05-07 22:46:49.322614
770,fire_gas_01,0.0,indoor,38.45215,2025-05-07 22:46:50.322516
771,fire_gas_01,0.0,indoor,37.47559,2025-05-07 22:46:51.329483
772,fire_gas_01,0.0,indoor,32.69043,2025-05-07 22:46:52.322573
773,fire_gas_01,0.0,indoor,28.22266,2025-05-07 22:46:53.337023
774,fire_gas_01,0.0,indoor,23.38867,2025-05-07 22:46:54.329372
775,fire_gas_01,0.0,indoor,19.45801,2025-05-07 22:46:55.326916
776,fire_gas_01,0.0,indoor,17.87109,2025-05-07 22:46:56.325062
777,fire_gas_01,0.0,indoor,17.7002,2025-05-07 22:46:57.329568
778,fire_gas_01,0.0,indoor,20.41016,2025-05-07 22:46:58.329520
779,fire_gas_01,0.0,indoor,21.60645,2025-05-07 22:46:59.322401
780,fire_gas_01,0.0,indoor,24.14551,2025-05-07 22:47:00.322304
781,fire_gas_01,0.0,indoor,25.5127,2025-05-07 22:47:01.322282
782,fire_gas_01,0.0,indoor,26.83105,2025-05-07 22:47:02.317167
783,fire_gas_01,0.0,indoor,27.0752,2025-05-07 22:47:03.326332
784,fire_gas_01,0.0,indoor,24.19434,2025-05-07 22:47:04.326318
785,fire_gas_01,0.0,indoor,23.36426,2025-05-07 22:47:05.328629
786,fire_gas_01,0.0,indoor,21.43555,2025-05-07 22:47:06.329125
787,fire_gas_01,0.0,indoor,20.75195,2025-05-07 22:47:07.329043
788,fire_gas_01,0.0,indoor,19.06738,2025-05-07 22:47:08.322099
789,fire_gas_01,0.0,indoor,18.75,2025-05-07 22:47:09.322084
790,fire_gas_01,0.0,indoor,17.94434,2025-05-07 22:47:10.335941
791,fire_gas_01,0.0,indoor,17.94434,2025-05-07 22:47:11.329205
792,fire_gas_01,0.0,indoor,19.70215,2025-05-07 22:47:12.328688
793,fire_gas_01,0.0,indoor,20.36133,2025-05-07 22:47:13.325212
794,fire_gas_01,0.0,indoor,22.11914,2025-05-07 22:47:14.322058
795,fire_gas_01,0.0,indoor,22.24121,2025-05-07 22:47:15.322058
796,fire_gas_01,0.0,indoor,23.38867,2025-05-07 22:47:16.321936
797,fire_gas_01,0.0,indoor,22.94922,2025-05-07 22:47:17.328902
798,fire_gas_01,0.0,indoor,23.85254,2025-05-07 22:47:18.328792
799,fire_gas_01,0.0,indoor,23.87695,2025-05-07 22:47:19.321831
800,fire_gas_01,0.0,indoor,23.9502,2025-05-07 22:47:20.321551
801,fire_gas_01,0.0,indoor,23.80371,2025-05-07 22:47:21.319026
802,fire_gas_01,0.0,indoor,23.02246,2025-05-07 22:47:22.318776
803,fire_gas_01,0.0,indoor,24.58496,2025-05-07 22:47:23.321708
804,fire_gas_01,0.0,indoor,24.53613,2025-05-07 22:47:24.315399
805,fire_gas_01,0.0,indoor,24.26758,2025-05-07 22:47:28.102183
806,fire_gas_01,0.0,indoor,23.07129,2025-05-07 22:47:28.329510
807,fire_gas_01,0.0,indoor,24.24316,2025-05-07 22:47:29.323394
808,fire_gas_01,0.0,indoor,29.19922,2025-05-07 22:47:30.322140
809,fire_gas_01,0.0,indoor,27.70996,2025-05-07 22:47:31.318576
810,fire_gas_01,0.0,indoor,22.99805,2025-05-07 22:47:32.321529
811,fire_gas_01,0.0,indoor,16.91895,2025-05-07 22:47:33.321404
812,fire_gas_01,0.0,indoor,16.01563,2025-05-07 22:47:34.321391
813,fire_gas_01,0.0,indoor,15.84473,2025-05-07 22:47:35.321378
814,fire_gas_01,0.0,indoor,18.4082,2025-05-07 22:47:36.328207
815,fire_gas_01,0.0,indoor,19.23828,2025-05-07 22:47:37.335305
816,fire_gas_01,0.0,indoor,21.02051,2025-05-07 22:47:38.320052
817,fire_gas_01,0.0,indoor,21.67969,2025-05-07 22:47:39.318260
818,fire_gas_01,0.0,indoor,21.99707,2025-05-07 22:47:40.319903
819,fire_gas_01,0.0,indoor,22.11914,2025-05-07 22:47:41.321262
820,fire_gas_01,0.0,indoor,21.48438,2025-05-07 22:47:42.328139
821,fire_gas_01,0.0,indoor,21.92383,2025-05-07 22:47:43.321261
822,fire_gas_01,0.0,indoor,21.11816,2025-05-07 22:47:44.334994
823,fire_gas_01,0.0,indoor,21.38672,2025-05-07 22:47:45.328418
824,fire_gas_01,0.0,indoor,20.62988,2025-05-07 22:47:46.335441
825,fire_gas_01,0.0,indoor,21.04492,2025-05-07 22:47:47.327177
826,fire_gas_01,0.0,indoor,20.84961,2025-05-07 22:47:48.327274
827,fire_gas_01,0.0,indoor,20.62988,2025-05-07 22:47:49.321907
828,fire_gas_01,0.0,indoor,20.41016,2025-05-07 22:47:50.321008
829,fire_gas_01,0.0,indoor,20.26367,2025-05-07 22:47:51.320998
830,fire_gas_01,0.0,indoor,20.04395,2025-05-07 22:47:52.334860
831,fire_gas_01,0.0,indoor,19.18945,2025-05-07 22:47:53.320871
832,fire_gas_01,0.0,indoor,19.7998,2025-05-07 22:47:54.327823
833,fire_gas_01,0.0,indoor,18.87207,2025-05-07 22:47:55.329759
834,fire_gas_01,0.0,indoor,19.31152,2025-05-07 22:47:56.323523
835,fire_gas_01,0.0,indoor,18.48145,2025-05-07 22:47:57.323093
836,fire_gas_01,0.0,indoor,18.99414,2025-05-07 22:47:58.320315
837,fire_gas_01,0.0,indoor,18.75,2025-05-07 22:47:59.320648
838,fire_gas_01,0.0,indoor,18.01758,2025-05-07 22:48:00.327701
839,fire_gas_01,0.0,indoor,18.38379,2025-05-07 22:48:01.327307
840,fire_gas_01,0.0,indoor,17.57813,2025-05-07 22:48:02.320729
841,fire_gas_01,0.0,indoor,17.89551,2025-05-07 22:48:03.327479
842,fire_gas_01,0.0,indoor,17.1875,2025-05-07 22:48:04.321544
843,fire_gas_01,0.0,indoor,17.57813,2025-05-07 22:48:05.317901
844,fire_gas_01,0.0,indoor,16.74805,2025-05-07 22:48:06.315835
845,fire_gas_01,0.0,indoor,17.11426,2025-05-07 22:48:07.320315
846,fire_gas_01,0.0,indoor,16.89453,2025-05-07 22:48:08.327238
847,fire_gas_01,0.0,indoor,16.16211,2025-05-07 22:48:09.327286
848,fire_gas_01,0.0,indoor,16.79688,2025-05-07 22:48:10.327130
849,fire_gas_01,0.0,indoor,16.33301,2025-05-07 22:48:11.327158
850,fire_gas_01,0.0,indoor,7.177734,2025-05-07 22:48:15.847199
851,fire_gas_01,0.0,indoor,7.397461,2025-05-07 22:48:18.327575
852,fire_gas_01,0.0,indoor,7.397461,2025-05-07 22:48:19.327511
853,fire_gas_01,3917.0,indoor,7.348633,2025-05-07 22:48:20.320344
854,fire_gas_01,4095.0,indoor,7.421875,2025-05-07 22:48:21.327327
855,fire_gas_01,4095.0,indoor,7.055664,2025-05-07 22:48:22.321564
856,fire_gas_01,4079.0,indoor,7.299805,2025-05-07 22:48:23.319075
857,fire_gas_01,4095.0,indoor,6.90918,2025-05-07 22:48:24.318026
858,fire_gas_01,4095.0,indoor,7.177734,2025-05-07 22:48:25.320132
859,fire_gas_01,4076.0,indoor,6.884766,2025-05-07 22:48:26.326999
860,fire_gas_01,4055.0,indoor,7.128906,2025-05-07 22:48:27.319972
861,fire_gas_01,4063.0,indoor,7.177734,2025-05-07 22:48:28.320036
862,fire_gas_01,4065.0,indoor,7.104492,2025-05-07 22:48:29.320018
863,fire_gas_01,4061.0,indoor,7.104492,2025-05-07 22:48:30.348003
864,fire_gas_01,4059.0,indoor,7.055664,2025-05-07 22:48:31.327240
865,fire_gas_01,4060.0,indoor,7.03125,2025-05-07 22:48:32.322488
866,fire_gas_01,4047.0,indoor,6.689453,2025-05-07 22:48:33.320032
867,fire_gas_01,4031.0,indoor,7.055664,2025-05-07 22:48:34.327222
868,fire_gas_01,4049.0,indoor,6.762695,2025-05-07 22:48:35.327074
869,fire_gas_01,4045.0,indoor,6.958008,2025-05-07 22:48:36.327059
870,fire_gas_01,4054.0,indoor,6.640625,2025-05-07 22:48:37.326985
871,fire_gas_01,4053.0,indoor,6.884766,2025-05-07 22:48:38.326629
872,fire_gas_01,4030.0,indoor,6.811523,2025-05-07 22:48:39.326697
873,fire_gas_01,4020.0,indoor,6.811523,2025-05-07 22:48:40.327213
874,fire_gas_01,4025.0,indoor,6.713867,2025-05-07 22:48:41.328962
875,fire_gas_01,4008.0,indoor,6.445313,2025-05-07 22:48:42.319272
876,fire_gas_01,4004.0,indoor,6.640625,2025-05-07 22:48:43.319729
877,fire_gas_01,4020.0,indoor,6.37207,2025-05-07 22:48:44.333497
878,fire_gas_01,4018.0,indoor,6.640625,2025-05-07 22:48:45.333558
879,fire_gas_01,4028.0,indoor,6.25,2025-05-07 22:48:46.326533
880,fire_gas_01,3990.0,indoor,6.640625,2025-05-07 22:48:47.333543
881,fire_gas_01,3962.0,indoor,6.616211,2025-05-07 22:48:48.341150
882,fire_gas_01,4015.0,indoor,6.640625,2025-05-07 22:48:49.321311
883,fire_gas_01,3202.0,indoor,6.640625,2025-05-07 22:48:50.319998
884,fire_gas_01,0.0,indoor,6.298828,2025-05-07 22:48:51.312581
885,fire_gas_01,0.0,indoor,6.640625,2025-05-07 22:48:52.326447
886,fire_gas_01,0.0,indoor,6.298828,2025-05-07 22:48:53.313686
887,fire_gas_01,0.0,indoor,6.665039,2025-05-07 22:48:54.319573
888,fire_gas_01,0.0,indoor,6.37207,2025-05-07 22:48:55.317234
889,fire_gas_01,0.0,indoor,6.640625,2025-05-07 22:48:56.320376
890,fire_gas_01,0.0,indoor,6.689453,2025-05-07 22:48:57.319059
891,fire_gas_01,0.0,indoor,6.689453,2025-05-07 22:48:58.318207
892,fire_gas_01,0.0,indoor,4.589844,2025-05-07 22:51:25.236625
893,fire_gas_01,0.0,indoor,4.296875,2025-05-07 22:51:27.323912
894,fire_gas_01,0.0,indoor,4.418945,2025-05-07 22:51:28.321161
895,fire_gas_01,0.0,indoor,4.272461,2025-05-07 22:51:29.313509
896,fire_gas_01,0.0,indoor,4.443359,2025-05-07 22:51:30.326412
897,fire_gas_01,0.0,indoor,4.248047,2025-05-07 22:51:31.322869
898,fire_gas_01,0.0,indoor,4.370117,2025-05-07 22:51:32.320173
899,fire_gas_01,0.0,indoor,4.321289,2025-05-07 22:51:33.313390
900,fire_gas_01,0.0,indoor,4.272461,2025-05-07 22:51:34.325860
901,fire_gas_01,0.0,indoor,4.370117,2025-05-07 22:51:35.329481
902,fire_gas_01,0.0,indoor,4.272461,2025-05-07 22:51:36.329454
903,fire_gas_01,4070.0,indoor,4.541016,2025-05-07 22:51:37.329254
904,fire_gas_01,4095.0,indoor,4.321289,2025-05-07 22:51:38.329263
905,fire_gas_01,4095.0,indoor,9.692383,2025-05-07 22:51:39.322245
906,fire_gas_01,4089.0,indoor,27.75879,2025-05-07 22:51:40.343716
907,fire_gas_01,4065.0,indoor,42.06543,2025-05-07 22:51:41.316079
908,fire_gas_01,4079.0,indoor,51.95313,2025-05-07 22:51:42.314978
909,fire_gas_01,4070.0,indoor,59.83887,2025-05-07 22:51:43.328532
910,fire_gas_01,4067.0,indoor,66.01563,2025-05-07 22:51:44.328973
911,fire_gas_01,4059.0,indoor,69.14063,2025-05-07 22:51:45.329058
912,fire_gas_01,4050.0,indoor,75.78125,2025-05-07 22:51:46.317352
913,fire_gas_01,4052.0,indoor,76.19629,2025-05-07 22:51:47.328917
914,fire_gas_01,4047.0,indoor,80.85938,2025-05-07 22:51:48.321870
915,fire_gas_01,4046.0,indoor,80.32227,2025-05-07 22:51:49.316599
916,fire_gas_01,4042.0,indoor,85.71777,2025-05-07 22:51:50.329125
917,fire_gas_01,4042.0,indoor,86.93848,2025-05-07 22:51:51.327088
918,fire_gas_01,4036.0,indoor,88.0127,2025-05-07 22:51:52.328615
919,fire_gas_01,4032.0,indoor,88.81836,2025-05-07 22:51:53.328882
920,fire_gas_01,4034.0,indoor,89.59961,2025-05-07 22:51:54.321847
921,fire_gas_01,4031.0,indoor,89.86816,2025-05-07 22:51:55.328867
922,fire_gas_01,4045.0,indoor,86.84082,2025-05-07 22:51:56.328733
923,fire_gas_01,4069.0,indoor,91.79688,2025-05-07 22:51:57.328664
924,fire_gas_01,4065.0,indoor,90.7959,2025-05-07 22:51:58.324126
925,fire_gas_01,4057.0,indoor,96.04492,2025-05-07 22:51:59.329038
926,fire_gas_01,4048.0,indoor,92.65137,2025-05-07 22:52:00.320953
927,fire_gas_01,4047.0,indoor,96.58203,2025-05-07 22:52:01.328237
928,fire_gas_01,4045.0,indoor,97.2168,2025-05-07 22:52:02.328162
929,fire_gas_01,4044.0,indoor,97.68066,2025-05-07 22:52:03.321269
930,fire_gas_01,4021.0,indoor,97.33887,2025-05-07 22:52:04.321228
931,fire_gas_01,4046.0,indoor,93.09082,2025-05-07 22:52:05.321205
932,fire_gas_01,4051.0,indoor,96.06934,2025-05-07 22:52:06.328180
933,fire_gas_01,4047.0,indoor,92.21191,2025-05-07 22:52:07.327935
934,fire_gas_01,4051.0,indoor,96.3623,2025-05-07 22:52:08.323245
935,fire_gas_01,4054.0,indoor,94.33594,2025-05-07 22:52:09.319072
936,fire_gas_01,4052.0,indoor,99.19434,2025-05-07 22:52:10.321120
937,fire_gas_01,4049.0,indoor,99.58496,2025-05-07 22:52:11.321082
938,fire_gas_01,4047.0,indoor,96.16699,2025-05-07 22:52:12.321108
939,fire_gas_01,4044.0,indoor,99.97559,2025-05-07 22:52:13.315477
940,fire_gas_01,4047.0,indoor,97.29004,2025-05-07 22:52:14.313833
941,fire_gas_01,4044.0,indoor,99.97559,2025-05-07 22:52:15.330145
942,fire_gas_01,4040.0,indoor,95.60547,2025-05-07 22:52:16.325146
943,fire_gas_01,4042.0,indoor,92.57813,2025-05-07 22:52:17.323177
944,fire_gas_01,4033.0,indoor,84.44824,2025-05-07 22:52:18.316281
945,fire_gas_01,4033.0,indoor,82.88574,2025-05-07 22:52:19.315210
946,fire_gas_01,4037.0,indoor,78.36914,2025-05-07 22:52:20.313550
947,fire_gas_01,4045.0,indoor,74.12109,2025-05-07 22:52:21.313415
948,fire_gas_01,4045.0,indoor,70.21484,2025-05-07 22:52:22.330714
949,fire_gas_01,4038.0,indoor,64.45313,2025-05-07 22:52:23.326833
950,fire_gas_01,4049.0,indoor,63.64746,2025-05-07 22:52:24.328172
951,fire_gas_01,4042.0,indoor,58.91113,2025-05-07 22:52:25.320162
952,fire_gas_01,4047.0,indoor,55.17578,2025-05-07 22:52:26.321105
953,fire_gas_01,4020.0,indoor,50.39063,2025-05-07 22:52:27.318536
954,fire_gas_01,4031.0,indoor,52.17285,2025-05-07 22:52:28.326915
955,fire_gas_01,4038.0,indoor,59.49707,2025-05-07 22:52:29.324664
956,fire_gas_01,4044.0,indoor,70.6543,2025-05-07 22:52:30.322774
957,fire_gas_01,4034.0,indoor,78.51563,2025-05-07 22:52:31.327757
958,fire_gas_01,4047.0,indoor,78.85742,2025-05-07 22:52:32.318516
959,fire_gas_01,4026.0,indoor,81.25,2025-05-07 22:52:33.320846
960,fire_gas_01,4029.0,indoor,77.73438,2025-05-07 22:52:34.315554
961,fire_gas_01,4026.0,indoor,78.4668,2025-05-07 22:52:35.320762
962,fire_gas_01,4035.0,indoor,74.4873,2025-05-07 22:52:36.327558
963,fire_gas_01,4008.0,indoor,76.3916,2025-05-07 22:52:37.325389
964,fire_gas_01,4045.0,indoor,75.43945,2025-05-07 22:52:38.320008
965,fire_gas_01,4033.0,indoor,73.82813,2025-05-07 22:52:39.323021
966,fire_gas_01,4042.0,indoor,73.16895,2025-05-07 22:52:40.323888
967,fire_gas_01,4040.0,indoor,70.6543,2025-05-07 22:52:41.326867
968,fire_gas_01,4005.0,indoor,72.26563,2025-05-07 22:52:42.323775
969,fire_gas_01,4025.0,indoor,70.36133,2025-05-07 22:52:43.319530
970,fire_gas_01,4016.0,indoor,73.38867,2025-05-07 22:52:44.317502
971,fire_gas_01,4021.0,indoor,71.80176,2025-05-07 22:52:45.327438
972,fire_gas_01,4052.0,indoor,74.24316,2025-05-07 22:52:46.314286
973,fire_gas_01,4050.0,indoor,73.82813,2025-05-07 22:52:47.319886
974,fire_gas_01,4049.0,indoor,73.51074,2025-05-07 22:52:48.317444
975,fire_gas_01,4041.0,indoor,73.51074,2025-05-07 22:52:49.317269
976,fire_gas_01,4029.0,indoor,74.51172,2025-05-07 22:52:50.321898
977,fire_gas_01,4043.0,indoor,74.97559,2025-05-07 22:52:51.318924
978,fire_gas_01,4041.0,indoor,73.12012,2025-05-07 22:52:52.317094
979,fire_gas_01,4038.0,indoor,76.51367,2025-05-07 22:52:53.320352
980,fire_gas_01,0.0,indoor,74.8291,2025-05-07 22:52:54.317940
981,fire_gas_01,0.0,indoor,76.95313,2025-05-07 22:52:55.320560
982,fire_gas_01,0.0,indoor,71.21582,2025-05-07 22:52:56.314091
983,fire_gas_01,0.0,indoor,68.9209,2025-05-07 22:52:57.326571
984,fire_gas_01,0.0,indoor,64.77051,2025-05-07 22:52:58.322016
985,fire_gas_01,0.0,indoor,60.71777,2025-05-07 22:52:59.319477
986,fire_gas_01,0.0,indoor,57.10449,2025-05-07 22:53:00.317900
987,fire_gas_01,0.0,indoor,52.46582,2025-05-07 22:53:03.292382
988,fire_gas_01,0.0,indoor,51.00098,2025-05-07 22:53:03.319278
989,fire_gas_01,0.0,indoor,47.53418,2025-05-07 22:53:04.319380
990,fire_gas_01,0.0,indoor,46.63086,2025-05-07 22:53:05.323774
991,fire_gas_01,0.0,indoor,42.55371,2025-05-07 22:53:06.320846
992,fire_gas_01,0.0,indoor,41.87012,2025-05-07 22:53:07.320710
993,fire_gas_01,0.0,indoor,40.40527,2025-05-07 22:53:08.320764
994,fire_gas_01,0.0,indoor,39.0625,2025-05-07 22:53:09.315400
995,fire_gas_01,0.0,indoor,37.42676,2025-05-07 22:53:10.327167
996,fire_gas_01,0.0,indoor,35.13184,2025-05-07 22:53:11.321698
997,fire_gas_01,0.0,indoor,34.76563,2025-05-07 22:53:12.320930
998,fire_gas_01,0.0,indoor,32.8125,2025-05-07 22:53:13.320473
999,fire_gas_01,0.0,indoor,32.8125,2025-05-07 22:53:14.320799
1000,fire_gas_01,0.0,indoor,31.10352,2025-05-07 22:53:15.327708
1001,fire_gas_01,0.0,indoor,31.12793,2025-05-07 22:53:16.326600
1002,fire_gas_01,0.0,indoor,30.32227,2025-05-07 22:53:17.327939
1003,fire_gas_01,0.0,indoor,29.66309,2025-05-07 22:53:18.322420
1004,fire_gas_01,0.0,indoor,28.78418,2025-05-07 22:53:19.319053
1005,fire_gas_01,0.0,indoor,26.51367,2025-05-07 22:53:20.317159
1006,fire_gas_01,0.0,indoor,27.6123,2025-05-07 22:53:21.320387
1007,fire_gas_01,0.0,indoor,26.17188,2025-05-07 22:53:22.315184
1008,fire_gas_01,0.0,indoor,26.2207,2025-05-07 22:53:23.320286
1009,fire_gas_01,0.0,indoor,24.78027,2025-05-07 22:53:24.326429
1010,fire_gas_01,0.0,indoor,10.57129,2025-05-07 22:53:26.483800
1011,fire_gas_01,0.0,indoor,10.47363,2025-05-07 22:53:27.317112
1012,fire_gas_01,0.0,indoor,10.4248,2025-05-07 22:53:28.319493
1013,fire_gas_01,0.0,indoor,9.960938,2025-05-07 22:53:29.317623
1014,fire_gas_01,0.0,indoor,10.27832,2025-05-07 22:53:30.320015
